{
    "$schema": "https://schema.management.azure.com/schemas/2015-01-01/deploymentParameters.json#",
    "contentVersion": "1.0.0.0",
    "parameters": {
        "factoryName": {
            "value": "dpe-adf"
        },
        "AzureDataLakeStorage_LS_accountKey": {
            "value": ""
        },
        "KeyVault_LS_properties_typeProperties_baseUrl": {
            "value": "https://dpe-kv.vault.azure.net/"
        },
        "AzureSqlDb_LS_properties_typeProperties_server": {
            "value": "dpesqlsrvr.database.windows.net"
        },
        "AzureSqlDb_LS_properties_typeProperties_database": {
            "value": "DpeDb"
        },
        "AzureSqlDb_LS_properties_typeProperties_userName": {
            "value": "BhanuMurthy"
        },
        "AzureDataLakeStorage_LS_properties_typeProperties_url": {
            "value": "https://dpestgaccount.dfs.core.windows.net/"
        },
        "containerUri": {
            "value": ""
        },
        "containerSasToken": {
            "value": ""
        }
    }
}