{
    "$schema": "http://schema.management.azure.com/schemas/2015-01-01/deploymentTemplate.json#",
    "contentVersion": "1.0.0.0",
    "parameters": {
        "factoryName": {
            "type": "string",
            "metadata": "Data Factory name",
            "defaultValue": "dpe-adf"
        },
        "AzureDataLakeStorage_LS_accountKey": {
            "type": "secureString",
            "metadata": "Secure string for 'accountKey' of 'AzureDataLakeStorage_LS'"
        },
        "KeyVault_LS_properties_typeProperties_baseUrl": {
            "type": "string",
            "defaultValue": "https://dpe-kv.vault.azure.net/"
        },
        "AzureSqlDb_LS_properties_typeProperties_server": {
            "type": "string",
            "defaultValue": "dpesqlsrvr.database.windows.net"
        },
        "AzureSqlDb_LS_properties_typeProperties_database": {
            "type": "string",
            "defaultValue": "DpeDb"
        },
        "AzureSqlDb_LS_properties_typeProperties_userName": {
            "type": "string",
            "defaultValue": "BhanuMurthy"
        },
        "AzureDataLakeStorage_LS_properties_typeProperties_url": {
            "type": "string",
            "defaultValue": "https://dpestgaccount.dfs.core.windows.net/"
        },
        "containerUri": {
            "type": "string",
            "metadata": "URI to storage account containing linked ARM templates"
        },
        "containerSasToken": {
            "type": "string",
            "metadata": "Sas token to storage account containing linked ARM templates"
        }
    },
    "variables": {
        "factoryId": "[concat('Microsoft.DataFactory/factories/', parameters('factoryName'))]"
    },
    "resources": [
        {
            "name": "dpe-adf_ArmTemplate_0",
            "type": "Microsoft.Resources/deployments",
            "apiVersion": "2024-03-01",
            "properties": {
                "mode": "incremental",
                "templateLink": {
                    "uri": "[concat(parameters('containerUri'), '/ArmTemplate_0.json', parameters('containerSasToken'))]",
                    "contentVersion": "1.0.0.0"
                },
                "parameters": {
                    "factoryName": {
                        "value": "[parameters('factoryName')]"
                    },
                    "AzureDataLakeStorage_LS_accountKey": {
                        "value": "[parameters('AzureDataLakeStorage_LS_accountKey')]"
                    },
                    "KeyVault_LS_properties_typeProperties_baseUrl": {
                        "value": "[parameters('KeyVault_LS_properties_typeProperties_baseUrl')]"
                    },
                    "AzureSqlDb_LS_properties_typeProperties_server": {
                        "value": "[parameters('AzureSqlDb_LS_properties_typeProperties_server')]"
                    },
                    "AzureSqlDb_LS_properties_typeProperties_database": {
                        "value": "[parameters('AzureSqlDb_LS_properties_typeProperties_database')]"
                    },
                    "AzureSqlDb_LS_properties_typeProperties_userName": {
                        "value": "[parameters('AzureSqlDb_LS_properties_typeProperties_userName')]"
                    },
                    "AzureDataLakeStorage_LS_properties_typeProperties_url": {
                        "value": "[parameters('AzureDataLakeStorage_LS_properties_typeProperties_url')]"
                    }
                }
            },
            "dependsOn": []
        }
    ]
}