{
    "$schema": "http://schema.management.azure.com/schemas/2015-01-01/deploymentTemplate.json#",
    "contentVersion": "1.0.0.0",
    "parameters": {
        "factoryName": {
            "type": "string",
            "metadata": "Data Factory name",
            "defaultValue": "dpe-adf"
        },
        "AzureDataLakeStorage_LS_accountKey": {
            "type": "secureString",
            "metadata": "Secure string for 'accountKey' of 'AzureDataLakeStorage_LS'"
        },
        "KeyVault_LS_properties_typeProperties_baseUrl": {
            "type": "string",
            "defaultValue": "https://dpe-kv.vault.azure.net/"
        },
        "AzureSqlDb_LS_properties_typeProperties_server": {
            "type": "string",
            "defaultValue": "dpesqlsrvr.database.windows.net"
        },
        "AzureSqlDb_LS_properties_typeProperties_database": {
            "type": "string",
            "defaultValue": "DpeDb"
        },
        "AzureSqlDb_LS_properties_typeProperties_userName": {
            "type": "string",
            "defaultValue": "BhanuMurthy"
        },
        "AzureDataLakeStorage_LS_properties_typeProperties_url": {
            "type": "string",
            "defaultValue": "https://dpestgaccount.dfs.core.windows.net/"
        }
    },
    "variables": {
        "factoryId": "[concat('Microsoft.DataFactory/factories/', parameters('factoryName'))]"
    },
    "resources": [
        {
            "name": "[concat(parameters('factoryName'), '/KeyVault_LS')]",
            "type": "Microsoft.DataFactory/factories/linkedServices",
            "apiVersion": "2018-06-01",
            "properties": {
                "annotations": [],
                "type": "AzureKeyVault",
                "typeProperties": {
                    "baseUrl": "[parameters('KeyVault_LS_properties_typeProperties_baseUrl')]"
                }
            },
            "dependsOn": []
        },
        {
            "name": "[concat(parameters('factoryName'), '/default')]",
            "type": "Microsoft.DataFactory/factories/managedVirtualNetworks",
            "apiVersion": "2018-06-01",
            "properties": {},
            "dependsOn": []
        },
        {
            "name": "[concat(parameters('factoryName'), '/AutoResolveIntegrationRuntime')]",
            "type": "Microsoft.DataFactory/factories/integrationRuntimes",
            "apiVersion": "2018-06-01",
            "properties": {
                "type": "Managed",
                "typeProperties": {
                    "computeProperties": {
                        "location": "AutoResolve",
                        "dataFlowProperties": {
                            "computeType": "General",
                            "coreCount": 8,
                            "timeToLive": 0
                        }
                    }
                },
                "managedVirtualNetwork": {
                    "type": "ManagedVirtualNetworkReference",
                    "referenceName": "default"
                }
            },
            "dependsOn": [
                "[concat(variables('factoryId'), '/managedVirtualNetworks/default')]"
            ]
        },
        {
            "name": "[concat(parameters('factoryName'), '/AzureSqlDb_LS')]",
            "type": "Microsoft.DataFactory/factories/linkedServices",
            "apiVersion": "2018-06-01",
            "properties": {
                "annotations": [],
                "type": "AzureSqlDatabase",
                "typeProperties": {
                    "server": "[parameters('AzureSqlDb_LS_properties_typeProperties_server')]",
                    "database": "[parameters('AzureSqlDb_LS_properties_typeProperties_database')]",
                    "encrypt": "optional",
                    "trustServerCertificate": true,
                    "authenticationType": "SQL",
                    "userName": "[parameters('AzureSqlDb_LS_properties_typeProperties_userName')]",
                    "password": {
                        "type": "AzureKeyVaultSecret",
                        "store": {
                            "referenceName": "KeyVault_LS",
                            "type": "LinkedServiceReference"
                        },
                        "secretName": "AzureSqlDbKV"
                    }
                },
                "connectVia": {
                    "referenceName": "AutoResolveIntegrationRuntime",
                    "type": "IntegrationRuntimeReference"
                }
            },
            "dependsOn": [
                "[concat(variables('factoryId'), '/integrationRuntimes/AutoResolveIntegrationRuntime')]",
                "[concat(variables('factoryId'), '/linkedServices/KeyVault_LS')]"
            ]
        },
        {
            "name": "[concat(parameters('factoryName'), '/AzureDataLakeStorage_LS')]",
            "type": "Microsoft.DataFactory/factories/linkedServices",
            "apiVersion": "2018-06-01",
            "properties": {
                "annotations": [],
                "type": "AzureBlobFS",
                "typeProperties": {
                    "url": "[parameters('AzureDataLakeStorage_LS_properties_typeProperties_url')]",
                    "accountKey": {
                        "type": "SecureString",
                        "value": "[parameters('AzureDataLakeStorage_LS_accountKey')]"
                    }
                },
                "connectVia": {
                    "referenceName": "AutoResolveIntegrationRuntime",
                    "type": "IntegrationRuntimeReference"
                }
            },
            "dependsOn": [
                "[concat(variables('factoryId'), '/integrationRuntimes/AutoResolveIntegrationRuntime')]"
            ]
        },
        {
            "name": "[concat(parameters('factoryName'), '/AdlsGen2DataSet')]",
            "type": "Microsoft.DataFactory/factories/datasets",
            "apiVersion": "2018-06-01",
            "properties": {
                "linkedServiceName": {
                    "referenceName": "AzureDataLakeStorage_LS",
                    "type": "LinkedServiceReference"
                },
                "parameters": {
                    "FolderName": {
                        "type": "string"
                    },
                    "FileName": {
                        "type": "string"
                    }
                },
                "annotations": [],
                "type": "DelimitedText",
                "typeProperties": {
                    "location": {
                        "type": "AzureBlobFSLocation",
                        "fileName": {
                            "value": "@dataset().FileName",
                            "type": "Expression"
                        },
                        "fileSystem": {
                            "value": "@dataset().FolderName",
                            "type": "Expression"
                        }
                    },
                    "columnDelimiter": ",",
                    "escapeChar": "\\",
                    "firstRowAsHeader": true,
                    "quoteChar": "\""
                },
                "schema": []
            },
            "dependsOn": [
                "[concat(variables('factoryId'), '/linkedServices/AzureDataLakeStorage_LS')]"
            ]
        },
        {
            "name": "[concat(parameters('factoryName'), '/AzureSqlDataSet')]",
            "type": "Microsoft.DataFactory/factories/datasets",
            "apiVersion": "2018-06-01",
            "properties": {
                "linkedServiceName": {
                    "referenceName": "AzureSqlDb_LS",
                    "type": "LinkedServiceReference"
                },
                "parameters": {
                    "TableName": {
                        "type": "string"
                    }
                },
                "annotations": [],
                "type": "AzureSqlTable",
                "schema": [],
                "typeProperties": {
                    "schema": "dpe",
                    "table": {
                        "value": "@dataset().TableName",
                        "type": "Expression"
                    }
                }
            },
            "dependsOn": [
                "[concat(variables('factoryId'), '/linkedServices/AzureSqlDb_LS')]"
            ]
        },
        {
            "name": "[concat(parameters('factoryName'), '/Pl_Products_Multi')]",
            "type": "Microsoft.DataFactory/factories/pipelines",
            "apiVersion": "2018-06-01",
            "properties": {
                "activities": [
                    {
                        "name": "Copy_Products",
                        "description": "copy products from vw_Products_Multi",
                        "type": "Copy",
                        "dependsOn": [],
                        "policy": {
                            "timeout": "0.12:00:00",
                            "retry": 1,
                            "retryIntervalInSeconds": 30,
                            "secureOutput": false,
                            "secureInput": false
                        },
                        "userProperties": [],
                        "typeProperties": {
                            "source": {
                                "type": "AzureSqlSource",
                                "sqlReaderQuery": "select * from dpe.vw_Products_Multi",
                                "queryTimeout": "01:00:00",
                                "partitionOption": "None"
                            },
                            "sink": {
                                "type": "DelimitedTextSink",
                                "storeSettings": {
                                    "type": "AzureBlobFSWriteSettings"
                                },
                                "formatSettings": {
                                    "type": "DelimitedTextWriteSettings",
                                    "quoteAllText": true,
                                    "fileExtension": ".txt"
                                }
                            },
                            "enableStaging": false,
                            "translator": {
                                "type": "TabularTranslator",
                                "mappings": [
                                    {
                                        "source": {
                                            "name": "ProductID",
                                            "type": "Int32",
                                            "physicalType": "int"
                                        },
                                        "sink": {
                                            "name": "ProductID",
                                            "type": "String",
                                            "physicalType": "String"
                                        }
                                    },
                                    {
                                        "source": {
                                            "name": "ProductName",
                                            "type": "String",
                                            "physicalType": "nvarchar"
                                        },
                                        "sink": {
                                            "name": "ProductName",
                                            "type": "String",
                                            "physicalType": "String"
                                        }
                                    },
                                    {
                                        "source": {
                                            "name": "ProductNumber",
                                            "type": "String",
                                            "physicalType": "nvarchar"
                                        },
                                        "sink": {
                                            "name": "ProductNumber",
                                            "type": "String",
                                            "physicalType": "String"
                                        }
                                    },
                                    {
                                        "source": {
                                            "name": "Color",
                                            "type": "String",
                                            "physicalType": "nvarchar"
                                        },
                                        "sink": {
                                            "name": "Color",
                                            "type": "String",
                                            "physicalType": "String"
                                        }
                                    },
                                    {
                                        "source": {
                                            "name": "StandardCost",
                                            "type": "Decimal",
                                            "physicalType": "money",
                                            "scale": 4,
                                            "precision": 19
                                        },
                                        "sink": {
                                            "name": "StandardCost",
                                            "type": "String",
                                            "physicalType": "String"
                                        }
                                    },
                                    {
                                        "source": {
                                            "name": "ListPrice",
                                            "type": "Decimal",
                                            "physicalType": "money",
                                            "scale": 4,
                                            "precision": 19
                                        },
                                        "sink": {
                                            "name": "ListPrice",
                                            "type": "String",
                                            "physicalType": "String"
                                        }
                                    },
                                    {
                                        "source": {
                                            "name": "Size",
                                            "type": "String",
                                            "physicalType": "nvarchar"
                                        },
                                        "sink": {
                                            "name": "Size",
                                            "type": "String",
                                            "physicalType": "String"
                                        }
                                    },
                                    {
                                        "source": {
                                            "name": "Weight",
                                            "type": "Decimal",
                                            "physicalType": "decimal",
                                            "scale": 2,
                                            "precision": 8
                                        },
                                        "sink": {
                                            "name": "Weight",
                                            "type": "String",
                                            "physicalType": "String"
                                        }
                                    },
                                    {
                                        "source": {
                                            "name": "ProductCategoryID",
                                            "type": "Int32",
                                            "physicalType": "int"
                                        },
                                        "sink": {
                                            "name": "ProductCategoryID",
                                            "type": "String",
                                            "physicalType": "String"
                                        }
                                    },
                                    {
                                        "source": {
                                            "name": "ProductModelID",
                                            "type": "Int32",
                                            "physicalType": "int"
                                        },
                                        "sink": {
                                            "name": "ProductModelID",
                                            "type": "String",
                                            "physicalType": "String"
                                        }
                                    },
                                    {
                                        "source": {
                                            "name": "SellStartDate",
                                            "type": "DateTime",
                                            "physicalType": "datetime"
                                        },
                                        "sink": {
                                            "name": "SellStartDate",
                                            "type": "String",
                                            "physicalType": "String"
                                        }
                                    },
                                    {
                                        "source": {
                                            "name": "SellEndDate",
                                            "type": "DateTime",
                                            "physicalType": "datetime"
                                        },
                                        "sink": {
                                            "name": "SellEndDate",
                                            "type": "String",
                                            "physicalType": "String"
                                        }
                                    },
                                    {
                                        "source": {
                                            "name": "DiscontinuedDate",
                                            "type": "DateTime",
                                            "physicalType": "datetime"
                                        },
                                        "sink": {
                                            "name": "DiscontinuedDate",
                                            "type": "String",
                                            "physicalType": "String"
                                        }
                                    }
                                ],
                                "typeConversion": true,
                                "typeConversionSettings": {
                                    "allowDataTruncation": true,
                                    "treatBooleanAsNumber": false
                                }
                            }
                        },
                        "inputs": [
                            {
                                "referenceName": "AzureSqlDataSet",
                                "type": "DatasetReference",
                                "parameters": {
                                    "TableName": "vw_Products_Multi"
                                }
                            }
                        ],
                        "outputs": [
                            {
                                "referenceName": "AdlsGen2DataSet",
                                "type": "DatasetReference",
                                "parameters": {
                                    "FolderName": "products-container",
                                    "FileName": "Product_Multi.csv"
                                }
                            }
                        ]
                    }
                ],
                "policy": {
                    "elapsedTimeMetric": {}
                },
                "annotations": [],
                "lastPublishTime": "2025-09-20T05:30:28Z"
            },
            "dependsOn": [
                "[concat(variables('factoryId'), '/datasets/AzureSqlDataSet')]",
                "[concat(variables('factoryId'), '/datasets/AdlsGen2DataSet')]"
            ]
        },
        {
            "name": "[concat(parameters('factoryName'), '/Pl_Products_Multi_RecordCount')]",
            "type": "Microsoft.DataFactory/factories/pipelines",
            "apiVersion": "2018-06-01",
            "properties": {
                "activities": [
                    {
                        "name": "Web_GetRecordCount",
                        "type": "WebActivity",
                        "dependsOn": [],
                        "policy": {
                            "timeout": "0.12:00:00",
                            "retry": 0,
                            "retryIntervalInSeconds": 30,
                            "secureOutput": false,
                            "secureInput": false
                        },
                        "userProperties": [],
                        "typeProperties": {
                            "method": "POST",
                            "headers": {},
                            "url": "https://prod-00.eastus.logic.azure.com:443/workflows/91b4bab200a04320abee76987201d688/triggers/When_an_HTTP_request_is_received/paths/invoke?api-version=2016-10-01&sp=%2Ftriggers%2FWhen_an_HTTP_request_is_received%2Frun&sv=1.0&sig=rrwyGarZBYpOG2wogq63dHb4ghTPG11Re6LVuWTCEYw",
                            "connectVia": {
                                "referenceName": "AutoResolveIntegrationRuntime",
                                "type": "IntegrationRuntimeReference"
                            },
                            "body": {}
                        }
                    },
                    {
                        "name": "If Condition",
                        "type": "IfCondition",
                        "dependsOn": [
                            {
                                "activity": "Web_GetRecordCount",
                                "dependencyConditions": [
                                    "Succeeded"
                                ]
                            }
                        ],
                        "userProperties": [],
                        "typeProperties": {
                            "expression": {
                                "value": "@less(int(activity('Web_GetRecordCount').output.RecordCount), 100)\n\n",
                                "type": "Expression"
                            },
                            "ifFalseActivities": [
                                {
                                    "name": "FailActivity",
                                    "description": "If Record Count > 100",
                                    "type": "Fail",
                                    "dependsOn": [],
                                    "userProperties": [],
                                    "typeProperties": {
                                        "message": "Record count exceeded threshold of 100",
                                        "errorCode": ">100"
                                    }
                                }
                            ],
                            "ifTrueActivities": [
                                {
                                    "name": "SetRecordCountVar",
                                    "type": "SetVariable",
                                    "dependsOn": [],
                                    "policy": {
                                        "secureOutput": false,
                                        "secureInput": false
                                    },
                                    "userProperties": [],
                                    "typeProperties": {
                                        "variableName": "RecordCountVar",
                                        "value": {
                                            "value": "@activity('Web_GetRecordCount').output.RecordCount\n",
                                            "type": "Expression"
                                        }
                                    }
                                },
                                {
                                    "name": "Copy_Products_ByCount",
                                    "type": "Copy",
                                    "dependsOn": [
                                        {
                                            "activity": "SetRecordCountVar",
                                            "dependencyConditions": [
                                                "Succeeded"
                                            ]
                                        }
                                    ],
                                    "policy": {
                                        "timeout": "0.12:00:00",
                                        "retry": 0,
                                        "retryIntervalInSeconds": 30,
                                        "secureOutput": false,
                                        "secureInput": false
                                    },
                                    "userProperties": [],
                                    "typeProperties": {
                                        "source": {
                                            "type": "AzureSqlSource",
                                            "sqlReaderQuery": "select * from dpe.vw_Products_Multi",
                                            "queryTimeout": "01:00:00",
                                            "partitionOption": "None"
                                        },
                                        "sink": {
                                            "type": "DelimitedTextSink",
                                            "storeSettings": {
                                                "type": "AzureBlobFSWriteSettings"
                                            },
                                            "formatSettings": {
                                                "type": "DelimitedTextWriteSettings",
                                                "quoteAllText": true,
                                                "fileExtension": ".txt"
                                            }
                                        },
                                        "enableStaging": false,
                                        "translator": {
                                            "type": "TabularTranslator",
                                            "mappings": [
                                                {
                                                    "source": {
                                                        "name": "ProductID",
                                                        "type": "Int32",
                                                        "physicalType": "int"
                                                    },
                                                    "sink": {
                                                        "name": "ProductID",
                                                        "type": "String",
                                                        "physicalType": "String"
                                                    }
                                                },
                                                {
                                                    "source": {
                                                        "name": "ProductName",
                                                        "type": "String",
                                                        "physicalType": "nvarchar"
                                                    },
                                                    "sink": {
                                                        "name": "ProductName",
                                                        "type": "String",
                                                        "physicalType": "String"
                                                    }
                                                },
                                                {
                                                    "source": {
                                                        "name": "ProductNumber",
                                                        "type": "String",
                                                        "physicalType": "nvarchar"
                                                    },
                                                    "sink": {
                                                        "name": "ProductNumber",
                                                        "type": "String",
                                                        "physicalType": "String"
                                                    }
                                                },
                                                {
                                                    "source": {
                                                        "name": "Color",
                                                        "type": "String",
                                                        "physicalType": "nvarchar"
                                                    },
                                                    "sink": {
                                                        "name": "Color",
                                                        "type": "String",
                                                        "physicalType": "String"
                                                    }
                                                },
                                                {
                                                    "source": {
                                                        "name": "StandardCost",
                                                        "type": "Decimal",
                                                        "physicalType": "money",
                                                        "scale": 4,
                                                        "precision": 19
                                                    },
                                                    "sink": {
                                                        "name": "StandardCost",
                                                        "type": "String",
                                                        "physicalType": "String"
                                                    }
                                                },
                                                {
                                                    "source": {
                                                        "name": "ListPrice",
                                                        "type": "Decimal",
                                                        "physicalType": "money",
                                                        "scale": 4,
                                                        "precision": 19
                                                    },
                                                    "sink": {
                                                        "name": "ListPrice",
                                                        "type": "String",
                                                        "physicalType": "String"
                                                    }
                                                },
                                                {
                                                    "source": {
                                                        "name": "Size",
                                                        "type": "String",
                                                        "physicalType": "nvarchar"
                                                    },
                                                    "sink": {
                                                        "name": "Size",
                                                        "type": "String",
                                                        "physicalType": "String"
                                                    }
                                                },
                                                {
                                                    "source": {
                                                        "name": "Weight",
                                                        "type": "Decimal",
                                                        "physicalType": "decimal",
                                                        "scale": 2,
                                                        "precision": 8
                                                    },
                                                    "sink": {
                                                        "name": "Weight",
                                                        "type": "String",
                                                        "physicalType": "String"
                                                    }
                                                },
                                                {
                                                    "source": {
                                                        "name": "ProductCategoryID",
                                                        "type": "Int32",
                                                        "physicalType": "int"
                                                    },
                                                    "sink": {
                                                        "name": "ProductCategoryID",
                                                        "type": "String",
                                                        "physicalType": "String"
                                                    }
                                                },
                                                {
                                                    "source": {
                                                        "name": "ProductModelID",
                                                        "type": "Int32",
                                                        "physicalType": "int"
                                                    },
                                                    "sink": {
                                                        "name": "ProductModelID",
                                                        "type": "String",
                                                        "physicalType": "String"
                                                    }
                                                },
                                                {
                                                    "source": {
                                                        "name": "SellStartDate",
                                                        "type": "DateTime",
                                                        "physicalType": "datetime"
                                                    },
                                                    "sink": {
                                                        "name": "SellStartDate",
                                                        "type": "String",
                                                        "physicalType": "String"
                                                    }
                                                },
                                                {
                                                    "source": {
                                                        "name": "SellEndDate",
                                                        "type": "DateTime",
                                                        "physicalType": "datetime"
                                                    },
                                                    "sink": {
                                                        "name": "SellEndDate",
                                                        "type": "String",
                                                        "physicalType": "String"
                                                    }
                                                },
                                                {
                                                    "source": {
                                                        "name": "DiscontinuedDate",
                                                        "type": "DateTime",
                                                        "physicalType": "datetime"
                                                    },
                                                    "sink": {
                                                        "name": "DiscontinuedDate",
                                                        "type": "String",
                                                        "physicalType": "String"
                                                    }
                                                }
                                            ],
                                            "typeConversion": true,
                                            "typeConversionSettings": {
                                                "allowDataTruncation": true,
                                                "treatBooleanAsNumber": false
                                            }
                                        }
                                    },
                                    "inputs": [
                                        {
                                            "referenceName": "AzureSqlDataSet",
                                            "type": "DatasetReference",
                                            "parameters": {
                                                "TableName": "vw_Products_Multi"
                                            }
                                        }
                                    ],
                                    "outputs": [
                                        {
                                            "referenceName": "AdlsGen2DataSet",
                                            "type": "DatasetReference",
                                            "parameters": {
                                                "FolderName": "products-record-count-container",
                                                "FileName": "Products_Data.csv"
                                            }
                                        }
                                    ]
                                }
                            ]
                        }
                    }
                ],
                "policy": {
                    "elapsedTimeMetric": {}
                },
                "variables": {
                    "RecordCountVar": {
                        "type": "String"
                    }
                },
                "annotations": [],
                "lastPublishTime": "2025-09-20T05:30:28Z"
            },
            "dependsOn": [
                "[concat(variables('factoryId'), '/integrationRuntimes/AutoResolveIntegrationRuntime')]",
                "[concat(variables('factoryId'), '/datasets/AzureSqlDataSet')]",
                "[concat(variables('factoryId'), '/datasets/AdlsGen2DataSet')]"
            ]
        }
    ]
}